"","Fleet","FGroup","Fleet_global","Fleet_atl","Fleet_mz","Fleet_ewe"
"1","Dredges","bathydemersal30-90cm","Dredges_bathydemersal30-90cm",NA,NA,NA
"2","Dredges","bathydemersal<30cm","Dredges_bathydemersal<30cm",NA,NA,NA
"3","Dredges","bathydemersal>=90cm","Dredges_bathydemersal>=90cm",NA,NA,NA
"4","Dredges","bathypelagic30-90cm","Dredges_bathypelagic30-90cm",NA,NA,NA
"5","Dredges","bathypelagic<30cm","Dredges_bathypelagic<30cm",NA,NA,NA
"6","Dredges","bathypelagic>=90cm","Dredges_bathypelagic>=90cm",NA,NA,NA
"7","Dredges","benthopelagic30-90cm","Dredges_benthopelagic30-90cm",NA,NA,NA
"8","Dredges","benthopelagic<30cm","Dredges_benthopelagic<30cm",NA,NA,NA
"9","Dredges","benthopelagic>=90cm","Dredges_benthopelagic>=90cm",NA,NA,NA
"10","Dredges","cephalopods","Dredges_cephalopods",NA,NA,NA
"11","Dredges","demersal30-90cm","Dredges_demersal30-90cm",NA,NA,NA
"12","Dredges","demersal<30cm","Dredges_demersal<30cm",NA,NA,NA
"13","Dredges","demersal>=90cm","Dredges_demersal>=90cm",NA,NA,NA
"14","Dredges","demersalmollusc","Dredges_demersalmollusc",NA,NA,NA
"15","Dredges","flatfish<90cm","Dredges_flatfish<90cm",NA,NA,NA
"16","Dredges","lobsterscrab","Dredges_lobsterscrab",NA,NA,NA
"17","Dredges","pelagic30-90cm","Dredges_pelagic30-90cm",NA,NA,NA
"18","Dredges","pelagic<30cm","Dredges_pelagic<30cm",NA,NA,NA
"19","Dredges","pelagic>=90cm","Dredges_pelagic>=90cm",NA,NA,NA
"20","Dredges","rays<90cm","Dredges_rays<90cm",NA,NA,NA
"21","Dredges","rays>=90cm","Dredges_rays>=90cm",NA,NA,NA
"22","Dredges","reef-associated30-90cm","Dredges_reef-associated30-90cm",NA,NA,NA
"23","Dredges","reef-associated<30cm","Dredges_reef-associated<30cm",NA,NA,NA
"24","Dredges","shark>=90cm","Dredges_shark>=90cm",NA,NA,NA
"25","Dredges","shrimp","Dredges_shrimp",NA,NA,NA
"26","Falling_Gear","benthopelagic30-90cm","Falling_Gear_benthopelagic30-90cm",NA,NA,NA
"27","Falling_Gear","benthopelagic>=90cm","Falling_Gear_benthopelagic>=90cm",NA,NA,NA
"28","Falling_Gear","cephalopods","Falling_Gear_cephalopods",NA,NA,NA
"29","Falling_Gear","demersal30-90cm","Falling_Gear_demersal30-90cm",NA,NA,NA
"30","Falling_Gear","demersal<30cm","Falling_Gear_demersal<30cm",NA,NA,NA
"31","Falling_Gear","demersalmollusc","Falling_Gear_demersalmollusc",NA,NA,NA
"32","Falling_Gear","flatfish<90cm","Falling_Gear_flatfish<90cm",NA,NA,NA
"33","Falling_Gear","lobsterscrab","Falling_Gear_lobsterscrab",NA,NA,NA
"34","Falling_Gear","pelagic30-90cm","Falling_Gear_pelagic30-90cm",NA,NA,NA
"35","Falling_Gear","pelagic<30cm","Falling_Gear_pelagic<30cm",NA,NA,NA
"36","Falling_Gear","pelagic>=90cm","Falling_Gear_pelagic>=90cm",NA,NA,NA
"37","Falling_Gear","rays<90cm","Falling_Gear_rays<90cm",NA,NA,NA
"38","Falling_Gear","reef-associated<30cm","Falling_Gear_reef-associated<30cm",NA,NA,NA
"39","Falling_Gear","shrimp","Falling_Gear_shrimp",NA,NA,NA
"40","Gillnets","bathydemersal30-90cm","Gillnets_bathydemersal30-90cm",NA,NA,NA
"41","Gillnets","bathydemersal<30cm","Gillnets_bathydemersal<30cm",NA,NA,NA
"42","Gillnets","bathydemersal>=90cm","Gillnets_bathydemersal>=90cm",NA,NA,NA
"43","Gillnets","bathypelagic30-90cm","Gillnets_bathypelagic30-90cm",NA,NA,NA
"44","Gillnets","bathypelagic<30cm","Gillnets_bathypelagic<30cm",NA,NA,NA
"45","Gillnets","bathypelagic>=90cm","Gillnets_bathypelagic>=90cm",NA,NA,NA
"46","Gillnets","benthopelagic30-90cm","Gillnets_benthopelagic30-90cm",NA,NA,NA
"47","Gillnets","benthopelagic<30cm","Gillnets_benthopelagic<30cm",NA,NA,NA
"48","Gillnets","benthopelagic>=90cm","Gillnets_benthopelagic>=90cm",NA,NA,NA
"49","Gillnets","cephalopods","Gillnets_cephalopods",NA,NA,NA
"50","Gillnets","demersal30-90cm","Gillnets_demersal30-90cm",NA,NA,NA
"51","Gillnets","demersal<30cm","Gillnets_demersal<30cm",NA,NA,NA
"52","Gillnets","demersal>=90cm","Gillnets_demersal>=90cm",NA,NA,NA
"53","Gillnets","demersalmollusc","Gillnets_demersalmollusc",NA,NA,NA
"54","Gillnets","flatfish<90cm","Gillnets_flatfish<90cm",NA,NA,NA
"55","Gillnets","lobsterscrab","Gillnets_lobsterscrab",NA,NA,NA
"56","Gillnets","pelagic30-90cm","Gillnets_pelagic30-90cm",NA,NA,NA
"57","Gillnets","pelagic<30cm","Gillnets_pelagic<30cm",NA,NA,NA
"58","Gillnets","pelagic>=90cm","Gillnets_pelagic>=90cm",NA,NA,NA
"59","Gillnets","rays<90cm","Gillnets_rays<90cm",NA,NA,NA
"60","Gillnets","rays>=90cm","Gillnets_rays>=90cm",NA,NA,NA
"61","Gillnets","reef-associated30-90cm","Gillnets_reef-associated30-90cm",NA,NA,NA
"62","Gillnets","reef-associated<30cm","Gillnets_reef-associated<30cm",NA,NA,NA
"63","Gillnets","shark>=90cm","Gillnets_shark>=90cm",NA,NA,NA
"64","Gillnets","shrimp","Gillnets_shrimp",NA,NA,NA
"65","Lift_Nets","benthopelagic>=90cm","Lift_Nets_benthopelagic>=90cm",NA,NA,NA
"66","Lift_Nets","cephalopods","Lift_Nets_cephalopods",NA,NA,NA
"67","Lift_Nets","demersal30-90cm","Lift_Nets_demersal30-90cm",NA,NA,NA
"68","Lift_Nets","demersal<30cm","Lift_Nets_demersal<30cm",NA,NA,NA
"69","Lift_Nets","demersal>=90cm","Lift_Nets_demersal>=90cm",NA,NA,NA
"70","Lift_Nets","demersalmollusc","Lift_Nets_demersalmollusc",NA,NA,NA
"71","Lift_Nets","flatfish<90cm","Lift_Nets_flatfish<90cm",NA,NA,NA
"72","Lift_Nets","lobsterscrab","Lift_Nets_lobsterscrab",NA,NA,NA
"73","Lift_Nets","pelagic30-90cm","Lift_Nets_pelagic30-90cm",NA,NA,NA
"74","Lift_Nets","pelagic<30cm","Lift_Nets_pelagic<30cm",NA,NA,NA
"75","Lift_Nets","pelagic>=90cm","Lift_Nets_pelagic>=90cm",NA,NA,NA
"76","Lift_Nets","rays<90cm","Lift_Nets_rays<90cm",NA,NA,NA
"77","Lift_Nets","reef-associated30-90cm","Lift_Nets_reef-associated30-90cm",NA,NA,NA
"78","Lift_Nets","reef-associated<30cm","Lift_Nets_reef-associated<30cm",NA,NA,NA
"79","Lift_Nets","shark>=90cm","Lift_Nets_shark>=90cm",NA,NA,NA
"80","Lift_Nets","shrimp","Lift_Nets_shrimp",NA,NA,NA
"81","Lines_Handlines_and_poles","bathydemersal30-90cm","Lines_Handlines_and_poles_bathydemersal30-90cm",NA,NA,NA
"82","Lines_Handlines_and_poles","bathydemersal<30cm","Lines_Handlines_and_poles_bathydemersal<30cm",NA,NA,NA
"83","Lines_Handlines_and_poles","bathydemersal>=90cm","Lines_Handlines_and_poles_bathydemersal>=90cm",NA,NA,NA
"84","Lines_Handlines_and_poles","bathypelagic30-90cm","Lines_Handlines_and_poles_bathypelagic30-90cm",NA,NA,NA
"85","Lines_Handlines_and_poles","bathypelagic<30cm","Lines_Handlines_and_poles_bathypelagic<30cm",NA,NA,NA
"86","Lines_Handlines_and_poles","bathypelagic>=90cm","Lines_Handlines_and_poles_bathypelagic>=90cm",NA,NA,NA
"87","Lines_Handlines_and_poles","benthopelagic30-90cm","Lines_Handlines_and_poles_benthopelagic30-90cm",NA,NA,NA
"88","Lines_Handlines_and_poles","benthopelagic<30cm","Lines_Handlines_and_poles_benthopelagic<30cm",NA,NA,NA
"89","Lines_Handlines_and_poles","benthopelagic>=90cm","Lines_Handlines_and_poles_benthopelagic>=90cm",NA,NA,NA
"90","Lines_Handlines_and_poles","cephalopods","Lines_Handlines_and_poles_cephalopods",NA,NA,NA
"91","Lines_Handlines_and_poles","demersal30-90cm","Lines_Handlines_and_poles_demersal30-90cm",NA,NA,NA
"92","Lines_Handlines_and_poles","demersal<30cm","Lines_Handlines_and_poles_demersal<30cm",NA,NA,NA
"93","Lines_Handlines_and_poles","demersal>=90cm","Lines_Handlines_and_poles_demersal>=90cm",NA,NA,NA
"94","Lines_Handlines_and_poles","demersalmollusc","Lines_Handlines_and_poles_demersalmollusc",NA,NA,NA
"95","Lines_Handlines_and_poles","flatfish<90cm","Lines_Handlines_and_poles_flatfish<90cm",NA,NA,NA
"96","Lines_Handlines_and_poles","lobsterscrab","Lines_Handlines_and_poles_lobsterscrab",NA,NA,NA
"97","Lines_Handlines_and_poles","pelagic30-90cm","Lines_Handlines_and_poles_pelagic30-90cm",NA,NA,NA
"98","Lines_Handlines_and_poles","pelagic<30cm","Lines_Handlines_and_poles_pelagic<30cm",NA,NA,NA
"99","Lines_Handlines_and_poles","pelagic>=90cm","Lines_Handlines_and_poles_pelagic>=90cm",NA,NA,NA
"100","Lines_Handlines_and_poles","rays<90cm","Lines_Handlines_and_poles_rays<90cm",NA,NA,NA
"101","Lines_Handlines_and_poles","rays>=90cm","Lines_Handlines_and_poles_rays>=90cm",NA,NA,NA
"102","Lines_Handlines_and_poles","reef-associated30-90cm","Lines_Handlines_and_poles_reef-associated30-90cm",NA,NA,NA
"103","Lines_Handlines_and_poles","reef-associated<30cm","Lines_Handlines_and_poles_reef-associated<30cm",NA,NA,NA
"104","Lines_Handlines_and_poles","shark>=90cm","Lines_Handlines_and_poles_shark>=90cm",NA,NA,NA
"105","Lines_Handlines_and_poles","shrimp","Lines_Handlines_and_poles_shrimp",NA,NA,NA
"106","Lines_Longlines","bathydemersal30-90cm","Lines_Longlines_bathydemersal30-90cm",NA,NA,NA
"107","Lines_Longlines","bathydemersal<30cm","Lines_Longlines_bathydemersal<30cm",NA,NA,NA
"108","Lines_Longlines","bathydemersal>=90cm","Lines_Longlines_bathydemersal>=90cm",NA,NA,NA
"109","Lines_Longlines","bathypelagic30-90cm","Lines_Longlines_bathypelagic30-90cm",NA,NA,NA
"110","Lines_Longlines","bathypelagic<30cm","Lines_Longlines_bathypelagic<30cm",NA,NA,NA
"111","Lines_Longlines","bathypelagic>=90cm","Lines_Longlines_bathypelagic>=90cm",NA,NA,NA
"112","Lines_Longlines","benthopelagic30-90cm","Lines_Longlines_benthopelagic30-90cm",NA,NA,NA
"113","Lines_Longlines","benthopelagic<30cm","Lines_Longlines_benthopelagic<30cm",NA,NA,NA
"114","Lines_Longlines","benthopelagic>=90cm","Lines_Longlines_benthopelagic>=90cm",NA,NA,NA
"115","Lines_Longlines","cephalopods","Lines_Longlines_cephalopods",NA,NA,NA
"116","Lines_Longlines","demersal30-90cm","Lines_Longlines_demersal30-90cm",NA,NA,NA
"117","Lines_Longlines","demersal<30cm","Lines_Longlines_demersal<30cm",NA,NA,NA
"118","Lines_Longlines","demersal>=90cm","Lines_Longlines_demersal>=90cm",NA,NA,NA
"119","Lines_Longlines","demersalmollusc","Lines_Longlines_demersalmollusc",NA,NA,NA
"120","Lines_Longlines","flatfish<90cm","Lines_Longlines_flatfish<90cm",NA,NA,NA
"121","Lines_Longlines","lobsterscrab","Lines_Longlines_lobsterscrab",NA,NA,NA
"122","Lines_Longlines","pelagic30-90cm","Lines_Longlines_pelagic30-90cm",NA,NA,NA
"123","Lines_Longlines","pelagic<30cm","Lines_Longlines_pelagic<30cm",NA,NA,NA
"124","Lines_Longlines","pelagic>=90cm","Lines_Longlines_pelagic>=90cm",NA,NA,NA
"125","Lines_Longlines","rays<90cm","Lines_Longlines_rays<90cm",NA,NA,NA
"126","Lines_Longlines","rays>=90cm","Lines_Longlines_rays>=90cm",NA,NA,NA
"127","Lines_Longlines","reef-associated30-90cm","Lines_Longlines_reef-associated30-90cm",NA,NA,NA
"128","Lines_Longlines","reef-associated<30cm","Lines_Longlines_reef-associated<30cm",NA,NA,NA
"129","Lines_Longlines","reef-associated>=90cm","Lines_Longlines_reef-associated>=90cm",NA,NA,NA
"130","Lines_Longlines","shark>=90cm","Lines_Longlines_shark>=90cm",NA,NA,NA
"131","Lines_Longlines","shrimp","Lines_Longlines_shrimp",NA,NA,NA
"132","Lines_Unspecified","bathydemersal>=90cm","Lines_Unspecified_bathydemersal>=90cm",NA,NA,NA
"133","Lines_Unspecified","bathypelagic30-90cm","Lines_Unspecified_bathypelagic30-90cm",NA,NA,NA
"134","Lines_Unspecified","bathypelagic>=90cm","Lines_Unspecified_bathypelagic>=90cm",NA,NA,NA
"135","Lines_Unspecified","benthopelagic30-90cm","Lines_Unspecified_benthopelagic30-90cm",NA,NA,NA
"136","Lines_Unspecified","benthopelagic>=90cm","Lines_Unspecified_benthopelagic>=90cm",NA,NA,NA
"137","Lines_Unspecified","cephalopods","Lines_Unspecified_cephalopods",NA,NA,NA
"138","Lines_Unspecified","demersal30-90cm","Lines_Unspecified_demersal30-90cm",NA,NA,NA
"139","Lines_Unspecified","demersal<30cm","Lines_Unspecified_demersal<30cm",NA,NA,NA
"140","Lines_Unspecified","demersal>=90cm","Lines_Unspecified_demersal>=90cm",NA,NA,NA
"141","Lines_Unspecified","demersalmollusc","Lines_Unspecified_demersalmollusc",NA,NA,NA
"142","Lines_Unspecified","flatfish<90cm","Lines_Unspecified_flatfish<90cm",NA,NA,NA
"143","Lines_Unspecified","lobsterscrab","Lines_Unspecified_lobsterscrab",NA,NA,NA
"144","Lines_Unspecified","pelagic30-90cm","Lines_Unspecified_pelagic30-90cm",NA,NA,NA
"145","Lines_Unspecified","pelagic<30cm","Lines_Unspecified_pelagic<30cm",NA,NA,NA
"146","Lines_Unspecified","pelagic>=90cm","Lines_Unspecified_pelagic>=90cm",NA,NA,NA
"147","Lines_Unspecified","rays<90cm","Lines_Unspecified_rays<90cm",NA,NA,NA
"148","Lines_Unspecified","reef-associated30-90cm","Lines_Unspecified_reef-associated30-90cm",NA,NA,NA
"149","Lines_Unspecified","reef-associated<30cm","Lines_Unspecified_reef-associated<30cm",NA,NA,NA
"150","Lines_Unspecified","shark>=90cm","Lines_Unspecified_shark>=90cm",NA,NA,NA
"151","Lines_Unspecified","shrimp","Lines_Unspecified_shrimp",NA,NA,NA
"152","Others_Multiple_Gears","bathydemersal30-90cm","Others_Multiple_Gears_bathydemersal30-90cm",NA,NA,NA
"153","Others_Multiple_Gears","bathydemersal<30cm","Others_Multiple_Gears_bathydemersal<30cm",NA,NA,NA
"154","Others_Multiple_Gears","bathydemersal>=90cm","Others_Multiple_Gears_bathydemersal>=90cm",NA,NA,NA
"155","Others_Multiple_Gears","bathypelagic30-90cm","Others_Multiple_Gears_bathypelagic30-90cm",NA,NA,NA
"156","Others_Multiple_Gears","bathypelagic<30cm","Others_Multiple_Gears_bathypelagic<30cm",NA,NA,NA
"157","Others_Multiple_Gears","bathypelagic>=90cm","Others_Multiple_Gears_bathypelagic>=90cm",NA,NA,NA
"158","Others_Multiple_Gears","benthopelagic30-90cm","Others_Multiple_Gears_benthopelagic30-90cm",NA,NA,NA
"159","Others_Multiple_Gears","benthopelagic>=90cm","Others_Multiple_Gears_benthopelagic>=90cm",NA,NA,NA
"160","Others_Multiple_Gears","cephalopods","Others_Multiple_Gears_cephalopods",NA,NA,NA
"161","Others_Multiple_Gears","demersal30-90cm","Others_Multiple_Gears_demersal30-90cm",NA,NA,NA
"162","Others_Multiple_Gears","demersal<30cm","Others_Multiple_Gears_demersal<30cm",NA,NA,NA
"163","Others_Multiple_Gears","demersal>=90cm","Others_Multiple_Gears_demersal>=90cm",NA,NA,NA
"164","Others_Multiple_Gears","demersalmollusc","Others_Multiple_Gears_demersalmollusc",NA,NA,NA
"165","Others_Multiple_Gears","flatfish<90cm","Others_Multiple_Gears_flatfish<90cm",NA,NA,NA
"166","Others_Multiple_Gears","lobsterscrab","Others_Multiple_Gears_lobsterscrab",NA,NA,NA
"167","Others_Multiple_Gears","pelagic30-90cm","Others_Multiple_Gears_pelagic30-90cm",NA,NA,NA
"168","Others_Multiple_Gears","pelagic<30cm","Others_Multiple_Gears_pelagic<30cm",NA,NA,NA
"169","Others_Multiple_Gears","pelagic>=90cm","Others_Multiple_Gears_pelagic>=90cm",NA,NA,NA
"170","Others_Multiple_Gears","rays<90cm","Others_Multiple_Gears_rays<90cm",NA,NA,NA
"171","Others_Multiple_Gears","rays>=90cm","Others_Multiple_Gears_rays>=90cm",NA,NA,NA
"172","Others_Multiple_Gears","reef-associated30-90cm","Others_Multiple_Gears_reef-associated30-90cm",NA,NA,NA
"173","Others_Multiple_Gears","reef-associated<30cm","Others_Multiple_Gears_reef-associated<30cm",NA,NA,NA
"174","Others_Multiple_Gears","reef-associated>=90cm","Others_Multiple_Gears_reef-associated>=90cm",NA,NA,NA
"175","Others_Multiple_Gears","shark>=90cm","Others_Multiple_Gears_shark>=90cm",NA,NA,NA
"176","Others_Multiple_Gears","shrimp","Others_Multiple_Gears_shrimp",NA,NA,NA
"177","Others_Others","bathydemersal30-90cm","Others_Others_bathydemersal30-90cm",NA,NA,NA
"178","Others_Others","bathydemersal<30cm","Others_Others_bathydemersal<30cm",NA,NA,NA
"179","Others_Others","bathydemersal>=90cm","Others_Others_bathydemersal>=90cm",NA,NA,NA
"180","Others_Others","bathypelagic30-90cm","Others_Others_bathypelagic30-90cm",NA,NA,NA
"181","Others_Others","bathypelagic<30cm","Others_Others_bathypelagic<30cm",NA,NA,NA
"182","Others_Others","bathypelagic>=90cm","Others_Others_bathypelagic>=90cm",NA,NA,NA
"183","Others_Others","benthopelagic30-90cm","Others_Others_benthopelagic30-90cm",NA,NA,NA
"184","Others_Others","benthopelagic<30cm","Others_Others_benthopelagic<30cm",NA,NA,NA
"185","Others_Others","benthopelagic>=90cm","Others_Others_benthopelagic>=90cm",NA,NA,NA
"186","Others_Others","cephalopods","Others_Others_cephalopods",NA,NA,NA
"187","Others_Others","demersal30-90cm","Others_Others_demersal30-90cm",NA,NA,NA
"188","Others_Others","demersal<30cm","Others_Others_demersal<30cm",NA,NA,NA
"189","Others_Others","demersal>=90cm","Others_Others_demersal>=90cm",NA,NA,NA
"190","Others_Others","demersalmollusc","Others_Others_demersalmollusc",NA,NA,NA
"191","Others_Others","flatfish<90cm","Others_Others_flatfish<90cm",NA,NA,NA
"192","Others_Others","lobsterscrab","Others_Others_lobsterscrab",NA,NA,NA
"193","Others_Others","pelagic30-90cm","Others_Others_pelagic30-90cm",NA,NA,NA
"194","Others_Others","pelagic<30cm","Others_Others_pelagic<30cm",NA,NA,NA
"195","Others_Others","pelagic>=90cm","Others_Others_pelagic>=90cm",NA,NA,NA
"196","Others_Others","rays<90cm","Others_Others_rays<90cm",NA,NA,NA
"197","Others_Others","rays>=90cm","Others_Others_rays>=90cm",NA,NA,NA
"198","Others_Others","reef-associated30-90cm","Others_Others_reef-associated30-90cm",NA,NA,NA
"199","Others_Others","reef-associated<30cm","Others_Others_reef-associated<30cm",NA,NA,NA
"200","Others_Others","shark>=90cm","Others_Others_shark>=90cm",NA,NA,NA
"201","Others_Others","shrimp","Others_Others_shrimp",NA,NA,NA
"202","Others_Support","bathydemersal30-90cm","Others_Support_bathydemersal30-90cm",NA,NA,NA
"203","Others_Support","bathydemersal>=90cm","Others_Support_bathydemersal>=90cm",NA,NA,NA
"204","Others_Support","bathypelagic30-90cm","Others_Support_bathypelagic30-90cm",NA,NA,NA
"205","Others_Support","bathypelagic<30cm","Others_Support_bathypelagic<30cm",NA,NA,NA
"206","Others_Support","bathypelagic>=90cm","Others_Support_bathypelagic>=90cm",NA,NA,NA
"207","Others_Support","benthopelagic30-90cm","Others_Support_benthopelagic30-90cm",NA,NA,NA
"208","Others_Support","benthopelagic>=90cm","Others_Support_benthopelagic>=90cm",NA,NA,NA
"209","Others_Support","cephalopods","Others_Support_cephalopods",NA,NA,NA
"210","Others_Support","demersal30-90cm","Others_Support_demersal30-90cm",NA,NA,NA
"211","Others_Support","demersal<30cm","Others_Support_demersal<30cm",NA,NA,NA
"212","Others_Support","demersal>=90cm","Others_Support_demersal>=90cm",NA,NA,NA
"213","Others_Support","demersalmollusc","Others_Support_demersalmollusc",NA,NA,NA
"214","Others_Support","flatfish<90cm","Others_Support_flatfish<90cm",NA,NA,NA
"215","Others_Support","lobsterscrab","Others_Support_lobsterscrab",NA,NA,NA
"216","Others_Support","pelagic30-90cm","Others_Support_pelagic30-90cm",NA,NA,NA
"217","Others_Support","pelagic<30cm","Others_Support_pelagic<30cm",NA,NA,NA
"218","Others_Support","pelagic>=90cm","Others_Support_pelagic>=90cm",NA,NA,NA
"219","Others_Support","rays<90cm","Others_Support_rays<90cm",NA,NA,NA
"220","Others_Support","rays>=90cm","Others_Support_rays>=90cm",NA,NA,NA
"221","Others_Support","reef-associated30-90cm","Others_Support_reef-associated30-90cm",NA,NA,NA
"222","Others_Support","reef-associated<30cm","Others_Support_reef-associated<30cm",NA,NA,NA
"223","Others_Support","shark>=90cm","Others_Support_shark>=90cm",NA,NA,NA
"224","Others_Support","shrimp","Others_Support_shrimp",NA,NA,NA
"225","Others_Unknown","bathydemersal30-90cm","Others_Unknown_bathydemersal30-90cm",NA,NA,NA
"226","Others_Unknown","bathydemersal>=90cm","Others_Unknown_bathydemersal>=90cm",NA,NA,NA
"227","Others_Unknown","bathypelagic30-90cm","Others_Unknown_bathypelagic30-90cm",NA,NA,NA
"228","Others_Unknown","bathypelagic<30cm","Others_Unknown_bathypelagic<30cm",NA,NA,NA
"229","Others_Unknown","bathypelagic>=90cm","Others_Unknown_bathypelagic>=90cm",NA,NA,NA
"230","Others_Unknown","benthopelagic30-90cm","Others_Unknown_benthopelagic30-90cm",NA,NA,NA
"231","Others_Unknown","benthopelagic>=90cm","Others_Unknown_benthopelagic>=90cm",NA,NA,NA
"232","Others_Unknown","cephalopods","Others_Unknown_cephalopods",NA,NA,NA
"233","Others_Unknown","demersal30-90cm","Others_Unknown_demersal30-90cm",NA,NA,NA
"234","Others_Unknown","demersal<30cm","Others_Unknown_demersal<30cm",NA,NA,NA
"235","Others_Unknown","demersal>=90cm","Others_Unknown_demersal>=90cm",NA,NA,NA
"236","Others_Unknown","demersalmollusc","Others_Unknown_demersalmollusc",NA,NA,NA
"237","Others_Unknown","flatfish<90cm","Others_Unknown_flatfish<90cm",NA,NA,NA
"238","Others_Unknown","lobsterscrab","Others_Unknown_lobsterscrab",NA,NA,NA
"239","Others_Unknown","pelagic30-90cm","Others_Unknown_pelagic30-90cm",NA,NA,NA
"240","Others_Unknown","pelagic<30cm","Others_Unknown_pelagic<30cm",NA,NA,NA
"241","Others_Unknown","pelagic>=90cm","Others_Unknown_pelagic>=90cm",NA,NA,NA
"242","Others_Unknown","rays<90cm","Others_Unknown_rays<90cm",NA,NA,NA
"243","Others_Unknown","rays>=90cm","Others_Unknown_rays>=90cm",NA,NA,NA
"244","Others_Unknown","reef-associated30-90cm","Others_Unknown_reef-associated30-90cm",NA,NA,NA
"245","Others_Unknown","reef-associated<30cm","Others_Unknown_reef-associated<30cm",NA,NA,NA
"246","Others_Unknown","shark>=90cm","Others_Unknown_shark>=90cm",NA,NA,NA
"247","Others_Unknown","shrimp","Others_Unknown_shrimp",NA,NA,NA
"248","Pots_and_Traps","bathydemersal30-90cm","Pots_and_Traps_bathydemersal30-90cm",NA,NA,NA
"249","Pots_and_Traps","bathydemersal<30cm","Pots_and_Traps_bathydemersal<30cm",NA,NA,NA
"250","Pots_and_Traps","bathydemersal>=90cm","Pots_and_Traps_bathydemersal>=90cm",NA,NA,NA
"251","Pots_and_Traps","bathypelagic30-90cm","Pots_and_Traps_bathypelagic30-90cm",NA,NA,NA
"252","Pots_and_Traps","bathypelagic<30cm","Pots_and_Traps_bathypelagic<30cm",NA,NA,NA
"253","Pots_and_Traps","bathypelagic>=90cm","Pots_and_Traps_bathypelagic>=90cm",NA,NA,NA
"254","Pots_and_Traps","benthopelagic30-90cm","Pots_and_Traps_benthopelagic30-90cm",NA,NA,NA
"255","Pots_and_Traps","benthopelagic<30cm","Pots_and_Traps_benthopelagic<30cm",NA,NA,NA
"256","Pots_and_Traps","benthopelagic>=90cm","Pots_and_Traps_benthopelagic>=90cm",NA,NA,NA
"257","Pots_and_Traps","cephalopods","Pots_and_Traps_cephalopods",NA,NA,NA
"258","Pots_and_Traps","demersal30-90cm","Pots_and_Traps_demersal30-90cm",NA,NA,NA
"259","Pots_and_Traps","demersal<30cm","Pots_and_Traps_demersal<30cm",NA,NA,NA
"260","Pots_and_Traps","demersal>=90cm","Pots_and_Traps_demersal>=90cm",NA,NA,NA
"261","Pots_and_Traps","demersalmollusc","Pots_and_Traps_demersalmollusc",NA,NA,NA
"262","Pots_and_Traps","flatfish<90cm","Pots_and_Traps_flatfish<90cm",NA,NA,NA
"263","Pots_and_Traps","lobsterscrab","Pots_and_Traps_lobsterscrab",NA,NA,NA
"264","Pots_and_Traps","pelagic30-90cm","Pots_and_Traps_pelagic30-90cm",NA,NA,NA
"265","Pots_and_Traps","pelagic<30cm","Pots_and_Traps_pelagic<30cm",NA,NA,NA
"266","Pots_and_Traps","pelagic>=90cm","Pots_and_Traps_pelagic>=90cm",NA,NA,NA
"267","Pots_and_Traps","rays<90cm","Pots_and_Traps_rays<90cm",NA,NA,NA
"268","Pots_and_Traps","rays>=90cm","Pots_and_Traps_rays>=90cm",NA,NA,NA
"269","Pots_and_Traps","reef-associated30-90cm","Pots_and_Traps_reef-associated30-90cm",NA,NA,NA
"270","Pots_and_Traps","reef-associated<30cm","Pots_and_Traps_reef-associated<30cm",NA,NA,NA
"271","Pots_and_Traps","shark>=90cm","Pots_and_Traps_shark>=90cm",NA,NA,NA
"272","Pots_and_Traps","shrimp","Pots_and_Traps_shrimp",NA,NA,NA
"273","Seine_Danish_and_Other","bathydemersal30-90cm","Seine_Danish_and_Other_bathydemersal30-90cm",NA,NA,NA
"274","Seine_Danish_and_Other","bathydemersal<30cm","Seine_Danish_and_Other_bathydemersal<30cm",NA,NA,NA
"275","Seine_Danish_and_Other","bathydemersal>=90cm","Seine_Danish_and_Other_bathydemersal>=90cm",NA,NA,NA
"276","Seine_Danish_and_Other","bathypelagic30-90cm","Seine_Danish_and_Other_bathypelagic30-90cm",NA,NA,NA
"277","Seine_Danish_and_Other","bathypelagic<30cm","Seine_Danish_and_Other_bathypelagic<30cm",NA,NA,NA
"278","Seine_Danish_and_Other","bathypelagic>=90cm","Seine_Danish_and_Other_bathypelagic>=90cm",NA,NA,NA
"279","Seine_Danish_and_Other","benthopelagic30-90cm","Seine_Danish_and_Other_benthopelagic30-90cm",NA,NA,NA
"280","Seine_Danish_and_Other","benthopelagic<30cm","Seine_Danish_and_Other_benthopelagic<30cm",NA,NA,NA
"281","Seine_Danish_and_Other","benthopelagic>=90cm","Seine_Danish_and_Other_benthopelagic>=90cm",NA,NA,NA
"282","Seine_Danish_and_Other","cephalopods","Seine_Danish_and_Other_cephalopods",NA,NA,NA
"283","Seine_Danish_and_Other","demersal30-90cm","Seine_Danish_and_Other_demersal30-90cm",NA,NA,NA
"284","Seine_Danish_and_Other","demersal<30cm","Seine_Danish_and_Other_demersal<30cm",NA,NA,NA
"285","Seine_Danish_and_Other","demersal>=90cm","Seine_Danish_and_Other_demersal>=90cm",NA,NA,NA
"286","Seine_Danish_and_Other","demersalmollusc","Seine_Danish_and_Other_demersalmollusc",NA,NA,NA
"287","Seine_Danish_and_Other","flatfish<90cm","Seine_Danish_and_Other_flatfish<90cm",NA,NA,NA
"288","Seine_Danish_and_Other","lobsterscrab","Seine_Danish_and_Other_lobsterscrab",NA,NA,NA
"289","Seine_Danish_and_Other","pelagic30-90cm","Seine_Danish_and_Other_pelagic30-90cm",NA,NA,NA
"290","Seine_Danish_and_Other","pelagic<30cm","Seine_Danish_and_Other_pelagic<30cm",NA,NA,NA
"291","Seine_Danish_and_Other","pelagic>=90cm","Seine_Danish_and_Other_pelagic>=90cm",NA,NA,NA
"292","Seine_Danish_and_Other","rays<90cm","Seine_Danish_and_Other_rays<90cm",NA,NA,NA
"293","Seine_Danish_and_Other","rays>=90cm","Seine_Danish_and_Other_rays>=90cm",NA,NA,NA
"294","Seine_Danish_and_Other","reef-associated30-90cm","Seine_Danish_and_Other_reef-associated30-90cm",NA,NA,NA
"295","Seine_Danish_and_Other","reef-associated<30cm","Seine_Danish_and_Other_reef-associated<30cm",NA,NA,NA
"296","Seine_Danish_and_Other","shark>=90cm","Seine_Danish_and_Other_shark>=90cm",NA,NA,NA
"297","Seine_Danish_and_Other","shrimp","Seine_Danish_and_Other_shrimp",NA,NA,NA
"298","Seine_Purse_Seine","bathydemersal30-90cm","Seine_Purse_Seine_bathydemersal30-90cm",NA,NA,NA
"299","Seine_Purse_Seine","bathydemersal<30cm","Seine_Purse_Seine_bathydemersal<30cm",NA,NA,NA
"300","Seine_Purse_Seine","bathydemersal>=90cm","Seine_Purse_Seine_bathydemersal>=90cm",NA,NA,NA
"301","Seine_Purse_Seine","bathypelagic30-90cm","Seine_Purse_Seine_bathypelagic30-90cm",NA,NA,NA
"302","Seine_Purse_Seine","bathypelagic<30cm","Seine_Purse_Seine_bathypelagic<30cm",NA,NA,NA
"303","Seine_Purse_Seine","bathypelagic>=90cm","Seine_Purse_Seine_bathypelagic>=90cm",NA,NA,NA
"304","Seine_Purse_Seine","benthopelagic30-90cm","Seine_Purse_Seine_benthopelagic30-90cm",NA,NA,NA
"305","Seine_Purse_Seine","benthopelagic<30cm","Seine_Purse_Seine_benthopelagic<30cm",NA,NA,NA
"306","Seine_Purse_Seine","benthopelagic>=90cm","Seine_Purse_Seine_benthopelagic>=90cm",NA,NA,NA
"307","Seine_Purse_Seine","cephalopods","Seine_Purse_Seine_cephalopods",NA,NA,NA
"308","Seine_Purse_Seine","demersal30-90cm","Seine_Purse_Seine_demersal30-90cm",NA,NA,NA
"309","Seine_Purse_Seine","demersal<30cm","Seine_Purse_Seine_demersal<30cm",NA,NA,NA
"310","Seine_Purse_Seine","demersal>=90cm","Seine_Purse_Seine_demersal>=90cm",NA,NA,NA
"311","Seine_Purse_Seine","demersalmollusc","Seine_Purse_Seine_demersalmollusc",NA,NA,NA
"312","Seine_Purse_Seine","flatfish<90cm","Seine_Purse_Seine_flatfish<90cm",NA,NA,NA
"313","Seine_Purse_Seine","lobsterscrab","Seine_Purse_Seine_lobsterscrab",NA,NA,NA
"314","Seine_Purse_Seine","pelagic30-90cm","Seine_Purse_Seine_pelagic30-90cm",NA,NA,NA
"315","Seine_Purse_Seine","pelagic<30cm","Seine_Purse_Seine_pelagic<30cm",NA,NA,NA
"316","Seine_Purse_Seine","pelagic>=90cm","Seine_Purse_Seine_pelagic>=90cm",NA,NA,NA
"317","Seine_Purse_Seine","rays<90cm","Seine_Purse_Seine_rays<90cm",NA,NA,NA
"318","Seine_Purse_Seine","rays>=90cm","Seine_Purse_Seine_rays>=90cm",NA,NA,NA
"319","Seine_Purse_Seine","reef-associated30-90cm","Seine_Purse_Seine_reef-associated30-90cm",NA,NA,NA
"320","Seine_Purse_Seine","reef-associated<30cm","Seine_Purse_Seine_reef-associated<30cm",NA,NA,NA
"321","Seine_Purse_Seine","reef-associated>=90cm","Seine_Purse_Seine_reef-associated>=90cm",NA,NA,NA
"322","Seine_Purse_Seine","shark>=90cm","Seine_Purse_Seine_shark>=90cm",NA,NA,NA
"323","Seine_Purse_Seine","shrimp","Seine_Purse_Seine_shrimp",NA,NA,NA
"324","Trawl_Bottom","bathydemersal30-90cm","Trawl_Bottom_bathydemersal30-90cm",NA,NA,NA
"325","Trawl_Bottom","bathydemersal<30cm","Trawl_Bottom_bathydemersal<30cm",NA,NA,NA
"326","Trawl_Bottom","bathydemersal>=90cm","Trawl_Bottom_bathydemersal>=90cm",NA,NA,NA
"327","Trawl_Bottom","bathypelagic30-90cm","Trawl_Bottom_bathypelagic30-90cm",NA,NA,NA
"328","Trawl_Bottom","bathypelagic<30cm","Trawl_Bottom_bathypelagic<30cm",NA,NA,NA
"329","Trawl_Bottom","bathypelagic>=90cm","Trawl_Bottom_bathypelagic>=90cm",NA,NA,NA
"330","Trawl_Bottom","benthopelagic30-90cm","Trawl_Bottom_benthopelagic30-90cm",NA,NA,NA
"331","Trawl_Bottom","benthopelagic<30cm","Trawl_Bottom_benthopelagic<30cm",NA,NA,NA
"332","Trawl_Bottom","benthopelagic>=90cm","Trawl_Bottom_benthopelagic>=90cm",NA,NA,NA
"333","Trawl_Bottom","cephalopods","Trawl_Bottom_cephalopods",NA,NA,NA
"334","Trawl_Bottom","demersal30-90cm","Trawl_Bottom_demersal30-90cm",NA,NA,NA
"335","Trawl_Bottom","demersal<30cm","Trawl_Bottom_demersal<30cm",NA,NA,NA
"336","Trawl_Bottom","demersal>=90cm","Trawl_Bottom_demersal>=90cm",NA,NA,NA
"337","Trawl_Bottom","demersalmollusc","Trawl_Bottom_demersalmollusc",NA,NA,NA
"338","Trawl_Bottom","flatfish<90cm","Trawl_Bottom_flatfish<90cm",NA,NA,NA
"339","Trawl_Bottom","lobsterscrab","Trawl_Bottom_lobsterscrab",NA,NA,NA
"340","Trawl_Bottom","pelagic30-90cm","Trawl_Bottom_pelagic30-90cm",NA,NA,NA
"341","Trawl_Bottom","pelagic<30cm","Trawl_Bottom_pelagic<30cm",NA,NA,NA
"342","Trawl_Bottom","pelagic>=90cm","Trawl_Bottom_pelagic>=90cm",NA,NA,NA
"343","Trawl_Bottom","rays<90cm","Trawl_Bottom_rays<90cm",NA,NA,NA
"344","Trawl_Bottom","rays>=90cm","Trawl_Bottom_rays>=90cm",NA,NA,NA
"345","Trawl_Bottom","reef-associated30-90cm","Trawl_Bottom_reef-associated30-90cm",NA,NA,NA
"346","Trawl_Bottom","reef-associated<30cm","Trawl_Bottom_reef-associated<30cm",NA,NA,NA
"347","Trawl_Bottom","shark>=90cm","Trawl_Bottom_shark>=90cm",NA,NA,NA
"348","Trawl_Bottom","shrimp","Trawl_Bottom_shrimp",NA,NA,NA
"349","Trawl_Midwater_or_Unsp","bathydemersal30-90cm","Trawl_Midwater_or_Unsp_bathydemersal30-90cm",NA,NA,NA
"350","Trawl_Midwater_or_Unsp","bathydemersal<30cm","Trawl_Midwater_or_Unsp_bathydemersal<30cm",NA,NA,NA
"351","Trawl_Midwater_or_Unsp","bathydemersal>=90cm","Trawl_Midwater_or_Unsp_bathydemersal>=90cm",NA,NA,NA
"352","Trawl_Midwater_or_Unsp","bathypelagic30-90cm","Trawl_Midwater_or_Unsp_bathypelagic30-90cm",NA,NA,NA
"353","Trawl_Midwater_or_Unsp","bathypelagic<30cm","Trawl_Midwater_or_Unsp_bathypelagic<30cm",NA,NA,NA
"354","Trawl_Midwater_or_Unsp","bathypelagic>=90cm","Trawl_Midwater_or_Unsp_bathypelagic>=90cm",NA,NA,NA
"355","Trawl_Midwater_or_Unsp","benthopelagic30-90cm","Trawl_Midwater_or_Unsp_benthopelagic30-90cm",NA,NA,NA
"356","Trawl_Midwater_or_Unsp","benthopelagic<30cm","Trawl_Midwater_or_Unsp_benthopelagic<30cm",NA,NA,NA
"357","Trawl_Midwater_or_Unsp","benthopelagic>=90cm","Trawl_Midwater_or_Unsp_benthopelagic>=90cm",NA,NA,NA
"358","Trawl_Midwater_or_Unsp","cephalopods","Trawl_Midwater_or_Unsp_cephalopods",NA,NA,NA
"359","Trawl_Midwater_or_Unsp","demersal30-90cm","Trawl_Midwater_or_Unsp_demersal30-90cm",NA,NA,NA
"360","Trawl_Midwater_or_Unsp","demersal<30cm","Trawl_Midwater_or_Unsp_demersal<30cm",NA,NA,NA
"361","Trawl_Midwater_or_Unsp","demersal>=90cm","Trawl_Midwater_or_Unsp_demersal>=90cm",NA,NA,NA
"362","Trawl_Midwater_or_Unsp","demersalmollusc","Trawl_Midwater_or_Unsp_demersalmollusc",NA,NA,NA
"363","Trawl_Midwater_or_Unsp","flatfish<90cm","Trawl_Midwater_or_Unsp_flatfish<90cm",NA,NA,NA
"364","Trawl_Midwater_or_Unsp","lobsterscrab","Trawl_Midwater_or_Unsp_lobsterscrab",NA,NA,NA
"365","Trawl_Midwater_or_Unsp","pelagic30-90cm","Trawl_Midwater_or_Unsp_pelagic30-90cm",NA,NA,NA
"366","Trawl_Midwater_or_Unsp","pelagic<30cm","Trawl_Midwater_or_Unsp_pelagic<30cm",NA,NA,NA
"367","Trawl_Midwater_or_Unsp","pelagic>=90cm","Trawl_Midwater_or_Unsp_pelagic>=90cm",NA,NA,NA
"368","Trawl_Midwater_or_Unsp","rays<90cm","Trawl_Midwater_or_Unsp_rays<90cm",NA,NA,NA
"369","Trawl_Midwater_or_Unsp","rays>=90cm","Trawl_Midwater_or_Unsp_rays>=90cm",NA,NA,NA
"370","Trawl_Midwater_or_Unsp","reef-associated30-90cm","Trawl_Midwater_or_Unsp_reef-associated30-90cm",NA,NA,NA
"371","Trawl_Midwater_or_Unsp","reef-associated<30cm","Trawl_Midwater_or_Unsp_reef-associated<30cm",NA,NA,NA
"372","Trawl_Midwater_or_Unsp","reef-associated>=90cm","Trawl_Midwater_or_Unsp_reef-associated>=90cm",NA,NA,NA
"373","Trawl_Midwater_or_Unsp","shark>=90cm","Trawl_Midwater_or_Unsp_shark>=90cm",NA,NA,NA
"374","Trawl_Midwater_or_Unsp","shrimp","Trawl_Midwater_or_Unsp_shrimp",NA,NA,NA
